id;nom;email;mot_de_passe
1;au-dessus extra;Pacome.Jacquet36@yahoo.fr;si collègue durant
2;mener;Gerbert.Menard@gmail.com;contre aussitôt conseil d’administration
3;ding de peur que;Arnould.Brun@yahoo.fr;hors de
4;tout du fait que de peur de;Agrippin.Berger81@yahoo.fr;cacher proche de même si
5;conseil d’administration pin-pon puisque;Archange_Roy@hotmail.fr;contredire
6;assez;Anceline_Dubois52@gmail.com;quelquefois ailleurs
7;paf restituer tant;Leonne40@hotmail.fr;bang candide smack
8;à l'insu de;Astride.Guerin@gmail.com;debout tendre
9;comme afin de rejoindre;Agneflete_Joly52@gmail.com;dorénavant commis de cuisine de peur que
10;à force de bien que;Capucine8@gmail.com;ouin
